Large Load Bus Name,Substation,County,Bus Number,Bus Voltage,Load ID,Unique ID,Area Name/TSP,Capacity Ramp (MW),2026,2027,2028,2029,2030
BOSQUESW5,BOSQUESW5,BOSQUE,246,345,V2,246 V2,BEPC_TSP,,105.79,105.79,105.79,105.79,105.79
BOSQUESW5,BOSQUESW5,BOSQUE,246,345,V1,246 V1,BEPC_TSP,,105.79,105.79,105.79,105.79,105.79
BOSQUESW8,BOSQUESW8,BOSQUE,252,138,V1,252 V1,BEPC_TSP,,95.94,95.94,95.94,95.94,95.94
JCHRSTL_LD,JIMCHRISTAL,Denton,911,138,4,911 4,DENTNTSP,,125,125,125,125,172
JCHRSTL_LD,JIMCHRISTAL,Denton,911,138,X2,911 X2,DENTNTSP,,150,150,150,150,197
BARBER_LK1_8,BARBER_LK1_8,MITCHELL,1189,138,N1,1189 N1,ONCOR_ED,,200,400,500,500,500
BOWMAN_5,BOWMAN_5,ARCHER,1422,345,N2,1422 N2,ONCOR_ED,,0,85,355,655,930
FISHRDSS1_5,FISHRDSS1_5,WICHITA,1425,345,N1,1425 N1,ONCOR_ED,,0,0,78,390,738
BROWN_5,BROWN_5,BROWN,1444,345,N1,1444 N1,ONCOR_ED,,0,300,500,1100,1100
VALLYSES1_8,VALLYSES1_8,FANNIN,1691,138,N1,1691 N1,ONCOR_ED,,300,500,500,500,500
W_KRUM_5,W_KRUM_5,DENTON,1730,345,N1,1730 N1,ONCOR_ED,,0,150,225,300,375
WHCCS2_5,WH2_UNIT4_5,TARRANT,1879,345,V1,1879 V1,ONCOR_ED,,264,264,264,264,264
ROCKBRK1_8,ROCKBRK1_8,Tarrant,1892,138,1,1892 1,ONCOR_ED,,,41.25,82.5,96.25,110
ROCKBRK2_8,ROCKBRK2_8,Tarrant,1893,138,2,1893 2,ONCOR_ED,,,41.25,82.5,96.25,110
VENUS_S5,VENUS_S5,ELLIS,1906,345,N5,1906 N5,ONCOR_ED,,0,100,250,325,400
VENUS_S5,VENUS_S5,ELLIS,1906,345,N1,1906 N1,ONCOR_ED,,300,500,800,800,800
VENUS_N5,VENUS_N5,ELLIS,1907,345,N2,1907 N2,ONCOR_ED,,0,0,500,800,1100
VENUS_N5,VENUS_N5,ELLIS,1907,345,N1,1907 N1,ONCOR_ED,,0,25,417,614,810
HICKS_SW_1_8,HICKS_SW_1_8,TARRANT,2082,138,N2,2082 N2,ONCOR_ED,,100,200,250,300,300
HICKS_SW_1_8,HICKS_SW_1_8,TARRANT,2082,138,N1,2082 N1,ONCOR_ED,,150,150,150,150,150
WESTPORT1_8,WESTPORT1_8,TARRANT,2118,138,N1,2118 N1,ONCOR_ED,,,93.75,300,300,300
TOKEN_8,TOKEN_8,Collin,2181,138,N1,2181 N1,ONCOR_ED,,54,108,108,108,108
STAINBACK_5,STAINBACK_5,Dallas,2217,345,N1,2217 N1,ONCOR_ED,,0,0,0,40,140
STAINBACK_5,STAINBACK_5,Dallas,2217,345,1,2217 1,ONCOR_ED,,120,320,400,400,400
VIOLET_8,VIOLET_8,ELLIS,2230,138,N1,2230 N1,ONCOR_ED,,165,140,95,95,95
VIOLET_8,VIOLET_8,ELLIS,2230,138,1,2230 1,ONCOR_ED,,120,145,190,190,190
STERRETT1_8,STERRETT1_8,ELLIS,2317,138,N1,2317 N1,ONCOR_ED,,0,20,100,150,200
WATMLL_W5,WATMLL_W5,DALLAS,2427,345,N1,2427 N1,ONCOR_ED,,0,124.5,410,492,492
WATMLL_W5,WATMLL_W5,DALLAS,2427,345,N2,2427 N2,ONCOR_ED,,100,300,500,1000,1000
WATMLL_W5,WATMLL_W5,DALLAS,2427,345,N3,2427 N3,ONCOR_ED,,0,45,144,144,144
WATMLL_W5,WATMLL_W5,DALLAS,2427,345,N4,2427 N4,ONCOR_ED,,0,72,216,288,504
WATMLL_W5,WATMLL_W5,DALLAS,2427,345,N5,2427 N5,ONCOR_ED,,0,0,360,700,700
RICH_E_8,RICH_E_8,DALLAS,2690,138,N1,2690 N1,ONCOR_ED,,0,0,91.2,181,211
AMELIA1_8,AMELIA1_8,DALLAS,2815,138,N1,2815 N1,ONCOR_ED,,0,70,140,210,210
NAMFRST_P1_8,NAMFRST_P1_8,Dallas,2937,138,N1,2937 N1,ONCOR_ED,,,108,216,216,216
NOKOMIS1_8,NOKOMIS1_8,Dallas,2942,138,N1,2942 N1,ONCOR_ED,,0,3,140,235,324
INDUST_W8,INDUST_W8,DALLAS,2974,138,N1,2974 N1,ONCOR_ED,,0,400,400,400,400
BRADBRRY_8,BRADBRRY_8,Dallas,3064,138,N2,3064 N2,ONCOR_ED,,0,100,225,265,300
BRADBRRY_8,BRADBRRY_8,Dallas,3064,138,1,3064 1,ONCOR_ED,,58,100,150,150,150
WILMER1_8,WILMER1_8,DALLAS,3083,138,1,3083 1,ONCOR_ED,,396,756,756,756,756
WILMER1_8,WILMER1_8,DALLAS,3083,138,N4,3083 N4,ONCOR_ED,,0,0,74.4,124,173.6
CALPFREST_5,CALPFREST_5,FREESTONE,3186,345,V1,3186 V1,E_ONCOR_ED,,320,320,320,320,320
SKYBOX_8,SKYBOX_8,WILLIAMSON,3371,138,N1,3371 N1,ONCOR_ED,,166.3,250.3,294.3,300,300
SKYBOX_8,SKYBOX_8,WILLIAMSON,3371,138,1,3371 1,ONCOR_ED,,55,125,186.7,253.3,300
BITDEER_8,SDSES_2_8,MILAM,3431,138,1,3431 1,ONCOR_ED,,580,580,580,580,580
WHINSTONE_8,WHINSTNE_8,MILAM,3445,138,1,3445 1,ONCOR_ED,,272.5,272.5,272.5,272.5,272.5
VOSSLAKE_8,SCOOTER_8,MILAM,3750,138,N1,3750 N1,ONCOR_ED,,,,188,247,271
MORMINO_5,MORMINO_5,MCLENNAN,3779,345,N1,3779 N1,ONCOR_ED,,,,300,500,500
TOWER_5,TOWER_5,BELL,3780,345,N1,3780 N1,ONCOR_ED,,,,400,400,400
TEAL_EAST_8,TEAL_EAST_8,WILLIAMSON,3784,138,N1,3784 N1,ONCOR_ED,,,,,166.3,250.3
BELLTOWN_8,BELLTOWN_8,VAN ZANDT,3786,138,N1,3786 N1,ONCOR_ED,,,62.5,125,125,125
MIKESKA_5,MIKESKA_5,MCCULLOCH,3811,345,N1,3811 N1,ONCOR_ED,,,,300,500,500
OMICRON,OMICRON,BEXAR,5326,138,1,5326 1,CPS_TSP,,40,40,178,178,178
WISEMAN,WISEMAN,BEXAR,5487,138,N1,5487 N1,CPS_TSP,,,,106,106,106
RIOMEDINASB9,RIOMEDINASUB9,MEDINA,5805,138,X1,5805 X1,STEC_TSP,,,129,129,129,129
DUNLAYSB9,CSTROVILESW9,MEDINA,5807,138,X1,5807 X1,STEC_TSP,,25,66,129,129,129
SGERONIMOSB8,CSTROVILESB9,MEDINA,5808,138,X1,5808 X1,STEC_TSP,,,129,129,129,129
OKLA7A,OKLAUNION,WILBARGER,6100,345,I1,6100 I1,AEP_TNC,,,380,380,380,380
RILEY7B,RILEY,WILBARGER,6111,345,N1,6111 N1,AEP_TNC,,300,900,900,900,900
RILEY7B,RILEY,WILBARGER,6111,345,N2,6111 N2,AEP_TNC,,0,300,300,300,300
ABMULCW7A,ABILENE MULBERRY CREEK (WEST),JONES,6235,345,X1,6235 X1,AEP_TNC,,1000,1000,1000,1000,1000
ABMULCW7A,ABILENE MULBERRY CREEK (WEST),JONES,6235,345,N1,6235 N1,AEP_TNC,,0,0,1000,1000,1000
ABMULCW7A,ABILENE MULBERRY CREEK (WEST),JONES,6235,345,N2,6235 N2,AEP_TNC,,0,0,0,0,100
ABMULCW7A,ABILENE MULBERRY CREEK (WEST),JONES,6235,345,N3,6235 N3,AEP_TNC,,0,280,280,280,280
REDCREEK7A,SAN ANGELO RED CREEK,TOM GREEN,6444,345,N1,6444 N1,AEP_TNC,,50,300,300,300,300
TELIOS_RC,Telios Station,HUNT,6980,138,1,6980 1,RYBRNTSP,,,124.929,187.393,249.857,312.322
L_ZORN__5_1Y,ZORN,GUADALUPE,7042,345,N1,7042 N1,LCRA TSC,,,,300,500,750
L_EUCLID5_1Y,EUCLID,CALDWELL,7045,345,1,7045 1,LCRA TSC,,,300,300,300,300
L_HORNSB5_1Y,HORNSBY,TRAVIS,7047,345,6,7047 6,LCRA TSC,,426,733,966,966,966
L_HORNSB5_1Y,HORNSBY,TRAVIS,7047,345,3,7047 3,LCRA TSC,,315,315,315,315,315
L_MISTY_5_1Y,MISTY,CALDWELL,7051,345,1,7051 1,LCRA TSC,,,,232,463,695
L_GOOSEN5_1Y,GOOSENECK,GUADALUPE,7052,345,N1,7052 N1,LCRA TSC,,,,,500,500
L_GREEVA5_1Y,GREEN VALLEY,GUADALUPE,7054,345,N1,7054 N1,LCRA TSC,,,,,500,500
L_COUNLI8_1Y,COUNTY LINE,BASTROP,7211,138,1,7211 1,LCRA TSC,,,,86.8,156.2,156.2
L_COUNLI8_1Y,COUNTY LINE,BASTROP,7211,138,N1,7211 N1,LCRA TSC,,,,413.2,343.8,343.8
L_UTLEY_8_1Y,UTLEY,BASTROP,7317,138,N1,7317 N1,LCRA TSC,,,120,360,720,1200
L_UTLEY_8_1Y,UTLEY,BASTROP,7317,138,1,7317 1,LCRA TSC,,,0,0,69,103
L_SETTLE8_1Y,SETTLERS,BASTROP,7327,138,X1,7327 X1,LCRA TSC,,36.18,177.89,177.89,177.89,177.89
L_RIVERY8_1Y,RIVERY,WILLIAMSON,7347,138,1,7347 1,LCRA TSC,,31.03,80.41,92.94,97.19,101.7
GIBBS4A,GIBBS,SAN PATRICIO,8173,138,I1,8173 I1,AEP_TCC,,203.592,203.592,203.592,203.592,203.592
NEDIN7A,NORTH EDINBURG,HIDALGO,8383,345,N1,8383 N1,AEP_TCC,,0,288,540,540,540
WEIL_TRC4A,WEIL TRACT,NUECES,8482,138,N1,8482 N1,AEP_TCC,,,,50,100,200
BILLYRAY4A,BOOTSTRAP BILLYRAY,NUECES,8520,138,X1,8520 X1,AEP_TCC,,,300,300,300,300
POMPANO4A,POMPANO (VALLEY),CAMERON,8535,138,IP,8535 IP,AEP_TCC,,,,650,650,650
POMPANO4A,POMPANO (VALLEY),CAMERON,8535,138,N1,8535 N1,AEP_TCC,,,,260,260,260
WINTHROP4A,BOOTSTRAP WINTHORP,NUECES,8545,138,X1,8545 X1,AEP_TCC,,,300,300,300,300
RESNIK4A,SOUTHSIDE,SAN PATRICIO,8580,138,I1,8580 I1,AEP_TCC,,283.5,283.5,324.5,364,364
RESNIK4A,SOUTHSIDE,SAN PATRICIO,8580,138,I2,8580 I2,AEP_TCC,,283.5,283.5,324.5,364,364
NAISMITH7A,NAISMITH,SAN PATRICIO,8659,345,N1,8659 N1,AEP_TCC,,0,0,0,90,90
ZOISITE7A,ZOISITE,MATAGORDA,8754,345,I1,8754 I1,AEP_TCC,,,,,2100,2100
WREN7A,WREN,CAMERON,8759,345,I1,8759 I1,AEP_TCC,,,,1500,1500,1650
OXY_INGL4B,OXY-CHEM (DUPONT) PP-2,SAN PATRICIO,8820,138,S1,8820 S1,AEP_TCC,,100,100,100,100,100
LYTLE4A,LYTLE,MEDINA,8962,138,X2,8962 X2,AEP_TCC,,,0,150,150,150
LYTLE4A,LYTLE,MEDINA,8962,138,X1,8962 X1,AEP_TCC,,,150,150,150,150
FTBLOCKS_8,FTBLOCKS_8,PECOS,9424,138,N1,9424 N1,GOLDENSPREAD,,375,375,375,375,375
BULLIREN_5,BULLREN,FISHER,9468,345,1,9468 1,GOLDENSPREAD,,1400,1400,1400,1400,1400
PRNGMOSS_5,FLCNSEABD_S,HOWARD,10057,345,N1,10057 N1,ONCOR_ED,,0,0,0,250,500
TONKAWAW_5,TONKAWAW_5,SCURRY,11048,345,N1,11048 N1,ONCOR_ED,,0,600,1000,1000,1000
ENPRSMENT1_8,ENPRSMENT_8,WINKLER,11136,138,1,11136 1,ONCOR_ED,,75.8,75.8,75.8,75.8,75.8
ENPRSMENT2_8,ENPRSMENT2_8,WINKLER,11166,138,1,11166 1,ONCOR_ED,,75.8,75.8,75.8,75.8,75.8
FRONTIER_P8,FRONTIER_P8,MITCHELL,11393,138,X1,11393 X1,ONCOR_ED,,300,300,300,300,300
BLUEDOVE_P8,BLUEDOVE_P8,TARRANT,11852,138,N1,11852 N1,ONCOR_ED,,0,0,330,420,420
TIMBERVW_5,TIMBERVW_5,TARRANT,11886,345,N1,11886 N1,ONCOR_ED,,0,300,500,500,500
ENDEAVOR_5,ENDEAVOR_5,Ellis,11904,345,N1,11904 N1,ONCOR_ED,,0,0,350,625,1300
ENDEAVOR_5,ENDEAVOR_5,Ellis,11904,345,N2,11904 N2,ONCOR_ED,,100,200,400,500,500
PLUTO1_8,PLUTO1_8,ELLIS,12303,138,N1,12303 N1,ONCOR_ED,,56.5,64,95.5,95.5,95.5
PLUTO1_8,PLUTO1_8,ELLIS,12303,138,1,12303 1,ONCOR_ED,,72.03,72.03,80.36,80.36,80.36
PLUTO2_8,PLUTO2_8,ELLIS,12304,138,N1,12304 N1,ONCOR_ED,,56.5,64,95.5,95.5,95.5
PLUTO2_8,PLUTO2_8,ELLIS,12304,138,1,12304 1,ONCOR_ED,,72.03,72.03,80.36,80.36,80.36
STERRETTL_8,STERRETTL_8,ELLIS,12317,138,N1,12317 N1,ONCOR_ED,,0,0,23.52,399.84,564.48
IRVRVSD_E8,IRVRVSD_E8,DALLAS,12395,138,N1,12395 N1,ONCOR_ED,,100,150,150,200,200
IRVRVSD_E8,IRVRVSD_E8,DALLAS,12395,138,N2,12395 N2,ONCOR_ED,,100,150,150,200,200
LAKECRST_8,LAKECRST_8,DALLAS,12492,138,N1,12492 N1,ONCOR_ED,,0,5,75,75,220
HAGGRTY_8,HAGGRTY_8,GRAYSON,12677,138,1,12677 1,ONCOR_ED,,98.677,118.217,127.987,127.987,127.987
EXCHANGE1_5,EXCHANGE1_5,TARRANT,15855,345,N1,15855 N1,ONCOR_ED,,0,0,270,370,370
STINGRY_8,STINGRY_8,ANDREWS,18690,138,X1,18690 X1,ONCOR_ED,,100,100,100,100,100
AJSWOPE_5,AJSWOPE_5,POTTER,23906,345,N1,23906 N1,ONCOR_ED,,166,166,166,166,166
WHITERVR_5,WHITERVR_5,FLOYD,23922,345,1,23922 1,ONCOR_ED,,200,200,200,200,200
TNBCJETTA_1,COLLIE YARD TAP TNP,REEVES,38034,138,R1,38034 R1,TNMP_TSP,,150,150,150,150,150
TNBCCASTLE1,COTTONWOOD BITCOIN CASTLE TNP,REEVES,38097,138,X1,38097 X1,TNMP_TSP,,220,220,220,220,220
TNSHAWROAD1,PRELIMINARY PLACE HOLDER ZEBRONKY SUBSTATION,REEVES,38116,138,P1,38116 P1,TNMP_TSP,,170,170,170,170,170
TNBCTRESTL1,TRESTLE BITCOIN TNP,WARD,38146,138,X1,38146 X1,TNMP_TSP,,212,678,678,678,678
TNBCGWRWNK1,BITCOIN GENESIS WARWINK TNP,WARD,38191,138,X1,38191 X1,TNMP_TSP,,252,252,252,252,252
TNBCATOKA_1,ATOKA BITCOIN TNP,PECOS,38296,138,X1,38296 X1,TNMP_TSP,,176,176,176,300,300
TNBCLNCIUM1,LANCIUM BITCOIN TNP,PECOS,38341,138,R1,38341 R1,TNMP_TSP,,300,300,300,300,300
TNBCLNCRK_1,LEON CREEK BITCOIN,PECOS,38356,138,R1,38356 R1,TNMP_TSP,,200,200,200,200,200
TNBCCANYON1,COYANOSA BITCOIN CANYON TNP,REEVES,38382,138,X1,38382 X1,TNMP_TSP,,138,138,138,264,264
TNCENTRY1_1,OXY CENTURY PLANT,PECOS,38431,138,N1,38431 N1,TNMP_TSP,,165,165,165,165,165
TNCENTRY2_1,OXY CENTURY,PECOS,38432,138,N1,38432 N1,TNMP_TSP,,165,165,165,165,165
TNMBLFR___1,MPL TANK FARM CUSTOMER SUBSTATION,GALVESTON,39415,138,N1,39415 N1,TNMP_TSP,,231,231,231,132,231
DEPWTR_POI_5,DEEPWATER,HARRIS,40450,345,HY,40450 HY,CNP_TSP,,,224,224,224,224
BOGGY__POI_8,BOGGY,HARRIS,41460,138,1,41460 1,CNP_TSP,,145.766,145.766,145.766,145.766,145.766
VILLCK_T09_8,VILLAGE CREEK,HARRIS,44272,138,3,44272 3,CNP_TSP,,63.076,65.155,69.437,73.063,76.465
OBRIEN25T1_8,OBRIEN,FORT BEND,44511,138,1,44511 1,CNP_TSP,,93.003,96.653,99.861,97.125,100.029
OBRIEN73T2_8,OBRIEN,FORT BEND,44512,138,2,44512 2,CNP_TSP,,93.007,96.657,99.865,97.128,100.033
FAIRBK_S81_8,FAIRBANKS,HARRIS,45760,138,4,45760 4,CNP_TSP,,87.393,88.552,88.65,88.748,88.836
SPWOOD_T22_8,SPRINGWOODS,MONTGOMERY,46273,138,3,46273 3,CNP_TSP,,79.118,80.737,80.835,80.923,81.012
LONGDRAW_138,LONG DRAW 138,BORDEN,59906,138,X1,59906 X1,WETT,,400,400,400,400,400
HELIOSCR7A,HELIOS CRYPTO (ARGO),DICKENS,60007,345,X1,60007 X1,AEP_TNC,,800,800,800,800,800
HODLRAN27A,HODL RANCH II,HASKELL,60017,345,N1,60017 N1,AEP_TNC,,1000,1000,1000,1000,1000
HODLRAN27A,HODL RANCH II,HASKELL,60017,345,X1,60017 X1,AEP_TNC,,1000,1000,1000,1000,1000
EVERGRID7A,EVER GRID,HARDEMAN,60139,345,I1,60139 I1,AEP_TNC,,0,975,975,975,975
SABEY7A,SABEY,WILBARGER,60150,345,I1,60150 I1,AEP_TNC,,,,200,200,200
OPS7A,OPS,WILBARGER,60189,345,N1,60189 N1,AEP_TNC,,,,900,900,900
OPS7A,OPS,WILBARGER,60189,345,N2,60189 N2,AEP_TNC,,,,300,300,300
OPS7A,OPS,WILBARGER,60189,345,N3,60189 N3,AEP_TNC,,,,1000,1000,1000
TAURUS7A,TAURUS,PECOS,60462,345,N1,60462 N1,AEP_TNC,,,,0,400,400
TESLA7A,TESLA,WILBARGER,60501,345,X1,60501 X1,AEP_TNC,,,100,1000,1000,1000
IRISDATA7A,IRIS DATA,CHILDRESS,60510,345,X2,60510 X2,AEP_TNC,,150,150,150,150,150
BOYKIN7A,BOYKIN,CHILDRESS,60518,345,N1,60518 N1,AEP_TNC,,,1000,1000,1000,1000
KIRCHHOF7A,KIRCHHOFF 1,FISHER,60704,345,I1,60704 I1,AEP_TNC,,600,600,600,600,600
TOMCRUIS7A,TOM CRUISE,NUECES,80037,345,I1,80037 I1,AEP_TCC,,,500,1000,1000,1000
CARAVEL4A,CARVEL,KLEBERG,80099,138,I1,80099 I1,AEP_TCC,,,180,180,180,180
ENEUS7A,ENEUS,CAMERON,80113,345,I1,80113 I1,AEP_TCC,,,,,1000,1000
KRGP4A,KING RANCH GAS PLANT,KLEBERG,80228,138,N1,80228 N1,AEP_TCC,,,,,80,80
CALABAZA4A,CALABAZA,NUECES,80380,138,N2,80380 N2,AEP_TCC,,,,,0,1000
SEABIRD4A,SEA BIRD,SAN PATRICIO,84250,138,N1,84250 N1,AEP_TCC,,,,,240,240
CHALCEDO7A,AMBER,KLEBERG,84555,345,I1,84555 I1,AEP_TCC,,,,530,530,530
SDI7A,STEEL DYNAMICS INCORPORATED (SDI),SAN PATRICIO,88249,345,I1,88249 I1,AEP_TCC,,325.855,325.855,325.855,325.855,325.855
DOWGEN_6_8,DOWGEN_6_8,BRAZORIA,110133,138,1,110133 1,E_CNP_TSP,,850.2,850.2,850.2,850.2,850.2
FORMOSA_10_9,FORMOSA 69 COGEN A,CALHOUN,110463,69,S1,110463 S1,E_AEP_TCC,,231.799,231.799,231.799,231.799,231.799
FORMOSA_12_9,FORMOSA 69 COGEN B,CALHOUN,110465,69,S1,110465 S1,E_AEP_TCC,,231.8,231.8,231.8,231.8,231.8
LEVEE_8,LEVEE,BRAZORIA,111301,138,1,111301 1,E_CNP_TSP,,86.737,86.737,86.737,86.737,86.737
OECCS_2_5,OECCS_2_5,ECTOR,130328,345,V1,130328 V1,E_ONCOR_ED,,207,207,207,207,207
KING__KINGSW,KING MOUNTAIN FPL SW,UPTON,130631,34.5,V1,130631 V1,E_LCRATSC,,79,79,79,79,79
KING__KINGNW,KING MOUNTAIN FPL NW,UPTON,130731,34.5,V1,130731 V1,E_LCRATSC,,79,79,79,79,79
KING__KINGSE,KING MOUNTAIN FPL SE,UPTON,130931,34.5,V1,130931 V1,E_LCRATSC,,79,79,79,79,79
QALSW_1_5,QALSW_1_5,ECTOR,131247,345,N1,131247 N1,E_ONCOR_ED,,100,300,500,500,500
OWF_1_8,OWF_1_8,HOWARD,131552,138,N1,131552 N1,E_ONCOR_ED,,250,250,250,250,250
ELB_ELBCREEK,ELB_ELBCREEK,HOWARD,131651,34.5,V1,131651 V1,E_ONCOR_ED,,122,122,122,122,122
ELB_ELBCREEK,ELB_ELBCREEK,HOWARD,131651,34.5,V2,131651 V2,E_ONCOR_ED,,122,122,122,122,122
JUNO_8,JUNO SOLAR HIGH,BORDEN,134145,138,V1,134145 V1,E_WETT,,250,250,250,250,250
TYGTEII_8,TYGTEII_8,PECOS,134705,138,V1,134705 V1,E_AEP_TNC,,180,180,180,180,180
PION_DJ_8_2,HUTT_SW,MIDLAND,136234,138,X1,136234 X1,E_ONCOR_ED,,150.099,173.099,173.099,173.099,173.099
GOODNITE_5,GOODNITE_5,ARMSTRONG,144365,345,V1,144365 V1,E_ONCOR_ED,,265,265,265,265,265
GOODNIT2_5,GOODNIT2_5,ARMSTRONG,144417,345,V1,144417 V1,E_ONCOR_ED,,,260,260,260,260
LNCRK_G83,LNCRK_G83,SHACKELFORD,150211,34.5,V1,150211 V1,E_ONCOR_ED,,194,194,194,194,194
LNCRK2_1_8,LNCRK2_1_8,SHACKELFORD,150313,138,V1,150313 V1,E_ONCOR_ED,,196,196,196,196,196
YNG_WND_5,YNG_WND_5,YOUNG,152534,345,N1,152534 N1,E_ONCOR_ED,,155,155,155,155,155
HALO_SLR_5,HALO_SLR_5,BELL,153683,345,V1,153683 V1,E_ONCOR_ED,,,230,230,230,230
LMJDSW_W1,LMJDSW_W1,WILLACY,162741,34.5,V1,162741 V1,E_AEP_TCC,,36,83,83,83,83
LMJDSW_W2,LMJDSW_W2,WILLACY,162742,34.5,V2,162742 V2,E_AEP_TCC,,36,83,83,83,83
AURO_SLR_5,AURO_SLR_5,MILAM,171023,345,V1,171023 V1,E_ONCOR_ED,,200,200,200,200,200
MAND_SLR_5,MAND_SLR_5,MILAM,171114,345,V1,171114 V1,E_ONCOR_ED,,,230,230,230,230
HHOLLO_WIND1,HHOLLO_WIND1,TAYLOR,180458,34.5,V1,180458 V1,E_AEP_TNC,,207,207,207,207,207
TTWEC_G1,TTWEC_G1,NOLAN,181051,34.5,V1,181051 V1,E_AEP_TNC,,150,150,150,150,150
BTE_1_8,BTE_1_8,CHAMBERS,110735,138,S2,110735 S2,E_CNP_TSP,,110,110,110,110,110
BTE_1_8,BTE_1_8,CHAMBERS,110735,138,S1,110735 S1,E_CNP_TSP,,110,110,110,110,110
P66SUB12,PHILLIPS # 12 SUBSTATION,BRAZORIA,110511,138,27,110511 27,E_TNMP_TSP,,142.5,142.5,142.5,142.5,142.5
AMOCOOIL_6_8,AMOCO OIL 138kV SUBSTATION,GALVESTON,110279,138,S1,110279 S1,E_TNMP_TSP,,410.639,410.639,410.639,410.639,410.639
L_STMEIN8_1Y,SMI,GUADALUPE,7602,138,1,7602 1,LCRA TSC,,85,85,85,85,85
L_WOLFLA8_1Y,WOLF LANE,BASTROP,7212,138,N2,7212 N2,LCRA TSC,,150,500,500,500,500
IRISDATA7A,IRIS DATA,CHILDRESS,60510,345,X1,60510 X1,AEP_TNC,,600,600,600,600,600
CNPN03_X91B8,CNPN03_X91B8,HARRIS,47770,138,N2,47770 N2,CNP_TSP,,,50,150,200,200
WILLOW__81B8,WILLOW,HARRIS,46660,138,N8,46660 N8,CNP_TSP,,67,78,78,78,78
WESFLD__B138,WESTFIELD,HARRIS,46570,138,6,46570 6,CNP_TSP,,74.687,76.903,77.011,77.109,77.197
WESFLD__B138,WESTFIELD,HARRIS,46570,138,4,46570 4,CNP_TSP,,76.837,79.113,79.22,79.328,79.407
CNPN12_X00B8,CNPN12_X00B8,HARRIS,46400,138,LI,46400 LI,CNP_TSP,,,299,299,299,434
CNPN11_X00B8,CNPN11_X00B8,BRAZORIA,46390,138,HY,46390 HY,CNP_TSP,,,214.592,214.592,214.592,214.592
CNPN10_X00B8,CNPN10_X00B8,GALVESTON,46380,138,HY,46380 HY,CNP_TSP,,,,,537.6,537.6
CNPN09_X00B8,CNPN09_X00B8,GALVESTON,46370,138,HY,46370 HY,CNP_TSP,,,,,,112
CNPN08_X00B8,CNPN08_X00B8,HARRIS,46360,138,HY,46360 HY,CNP_TSP,,,,,,990.08
SPWOOD__22B8,SPRINGWOODS,MONTGOMERY,46270,138,1,46270 1,CNP_TSP,,87.885,89.68,89.788,89.896,89.994
PINHUR_S81_8,PINEHURST,MONTGOMERY,46240,138,3,46240 3,CNP_TSP,,99.412,78.34,78.388,78.447,78.516
CNPN05_X00B8,CNPN05_X00B8,AUSTIN,46230,138,N2,46230 N2,CNP_TSP,,,142,665,665,665
CNPN13_X00B8,CNPN13_X00B8,AUSTIN,46210,138,N2,46210 N2,CNP_TSP,,,24,62,204,285
CNPN07_X00B8,CNPN07_X00B8,AUSTIN,46200,138,N2,46200 N2,CNP_TSP,,,300,300,300,300
KUYDAL75T2_5,KUYKENDAHL,HARRIS,45972,345,2,45972 2,CNP_TSP,,77.059,77.442,77.53,77.609,77.687
KLUGE___81B8,KLUGE,HARRIS,45952,138,2,45952 2,CNP_TSP,,76.301,76.742,76.831,76.909,76.988
HOCKLY__B138,HOCKLEY,HARRIS,45880,138,5,45880 5,CNP_TSP,,87.932,96.049,96.266,96.696,97.133
GERTIE09T3_8,GERTIE,HARRIS,45803,138,3,45803 3,CNP_TSP,,88.22,89.273,90.297,91.331,92.365
GERTIE_T76_8,GERTIE,HARRIS,45801,138,2,45801 2,CNP_TSP,,71.811,72.664,73.496,74.329,75.172
GERTIE_T76_8,GERTIE,HARRIS,45801,138,1,45801 1,CNP_TSP,,71.811,72.663,73.496,74.329,75.171
DRILCO_X67B8,DRILCO,HARRIS,45740,138,N3,45740 N3,CNP_TSP,,,50,250,450,450
CYFAIR_T09_8,CYFAIR,HARRIS,45712,138,2,45712 2,CNP_TSP,,90.363,90.993,91.092,91.19,91.279
BETKA__X66B8,BETKA,HARRIS,45675,138,N4,45675 N4,CNP_TSP,,,98,98,98,98
T_H_W_81T5_8,TH WHARTON,HARRIS,45511,138,5,45511 5,CNP_TSP,,78.526,78.614,78.693,78.782,78.86
STONEL__B138,STONE LAKE,HARRIS,44840,138,1,44840 1,CNP_TSP,,85.607,89.357,91.327,93.609,95.905
OBRIEN73T3_8,OBRIEN,FORT BEND,44513,138,3,44513 3,CNP_TSP,,93.294,96.914,100.133,97.388,100.293
MASON__S25_8,MASON ROAD,HARRIS,44450,138,3,44450 3,CNP_TSP,,77.909,78.38,78.851,79.332,79.812
MASON__S25_8,MASON ROAD,HARRIS,44450,138,2,44450 2,CNP_TSP,,75.578,76.03,76.491,76.952,77.424
MASON__S25_8,MASON ROAD,HARRIS,44450,138,1,44450 1,CNP_TSP,,82.639,83.139,83.639,84.15,84.66
KATY__66T2_8,KATY,WALLER,44422,138,2,44422 2,CNP_TSP,,80.187,79.71,81.171,82.494,83.828
KATY___S09_8,KATY,WALLER,44420,138,3,44420 3,CNP_TSP,,79.081,79.73,81.191,82.516,83.85
IMPERL05T3_8,IMPERIAL,FORT BEND,44343,138,3,44343 3,CNP_TSP,,68.513,71.535,72.151,76.316,76.779
VILLCK_T09_8,VILLAGE CREEK,HARRIS,44272,138,2,44272 2,CNP_TSP,,64.998,67.136,71.546,75.281,78.792
VILLCK_R45_8,VILLAGE CREEK,HARRIS,44271,138,1,44271 1,CNP_TSP,,66.788,65.157,69.439,73.065,76.467
FRANZ___09B8,FRANZ,HARRIS,44260,138,4,44260 4,CNP_TSP,,76.531,77.247,77.924,78.571,79.218
FRANZ___09B8,FRANZ,HARRIS,44260,138,3,44260 3,CNP_TSP,,87.975,88.791,89.577,90.325,91.072
FLEWLN__B138,FLEWELLEN,FORT BEND,44230,138,1,44230 1,CNP_TSP,,86.308,88.133,89.282,89.87,90.41
FLEWLN__B138,FLEWELLEN,FORT BEND,44230,138,3,44230 3,CNP_TSP,,86.276,88.101,89.248,89.837,90.376
FLEWLN__B138,FLEWELLEN,FORT BEND,44230,138,2,44230 2,CNP_TSP,,81.156,82.87,83.948,84.497,85.006
CRABB_80T3_8,CRABB RIVER ROAD,FORT BEND,44173,138,3,44173 3,CNP_TSP,,80.367,83.887,86.105,91.642,93.298
BARKER_R78_8,BARKER,HARRIS,44051,138,2,44051 2,CNP_TSP,,77.841,78.49,79.148,79.807,80.476
ARCOLA_S82_8,ARCOLA,FORT BEND,44030,138,3,44030 3,CNP_TSP,,71.796,76.944,81.692,86.21,91.224
ARCOLA_S82_8,ARCOLA,FORT BEND,44030,138,2,44030 2,CNP_TSP,,83.042,89.009,94.507,99.727,105.515
ARCOLA_S82_8,ARCOLA,FORT BEND,44030,138,1,44030 1,CNP_TSP,,69.611,74.611,79.221,83.6,88.446
CORTEZ_X48B8,CORTEZ,BRAZORIA,43440,138,LI,43440 LI,CNP_TSP,,,,,,190
CORTEZ_X48B8,CORTEZ,BRAZORIA,43440,138,1,43440 1,CNP_TSP,,344.652,344.652,344.652,344.652,344.652
CORTEZ_X48B8,CORTEZ,BRAZORIA,43440,138,2,43440 2,CNP_TSP,,344.652,344.652,344.652,344.652,344.652
SOWYCK_S05_8,SOUTHWYCK,BRAZORIA,43260,138,2,43260 2,CNP_TSP,,70.276,71.749,73.174,74.529,75.282
SOWYCK_S05_8,SOUTHWYCK,BRAZORIA,43260,138,3,43260 3,CNP_TSP,,80.968,82.669,84.322,85.876,86.74
JONCRK__B345,JONES CREEK,BRAZORIA,42530,345,HY,42530 HY,CNP_TSP,,,,224,224,224
CNPN01__B345,CNPN01__B345,WHARTON,42490,345,N2,42490 N2,CNP_TSP,,,,608,608,608
CNPN02_X26B8,CNPN02_X26B8,BRAZORIA,41980,138,N2,41980 N2,CNP_TSP,,,,29,83,83
BAKER__X138B,BAKER__X138B,HARRIS,41550,138,N2,41550 N2,CNP_TSP,,,,,475,475
TARGA__X86B8,TARGA,CHAMBERS,40950,138,1,40950 1,CNP_TSP,,102.6,102.6,102.6,102.6,102.6
DIABOX_POI_8,DIAMOND SHAMROCK BATTLEGROUND,HARRIS,40480,138,1,40480 1,CNP_TSP,,90.63,90.63,90.63,90.63,90.63
CNPN04_X00B8,CNPN04_X00B8,HARRIS,40060,138,N2,40060 N2,CNP_TSP,,,,150,150,150
CEDARP_B345A,CEDAR BAYOU,CHAMBERS,40000,345,HY,40000 HY,CNP_TSP,,,,129.92,129.92,129.92
TNGMSBKACC1,GEMSBOK AC CUSTOMER SUBSTATION,WARD,38109,138,1,38109 1,TNMP_TSP,,143,143,143,143,143
BRYN_RELLIS,BRYN_RELLIS,BRAZOS,32780,138,N1,32780 N1,BRYN_TSP,,152,152,152,152,152
YUKONSUB_8,YUKONSUB_8,ECTOR,18711,138,1,18711 1,ONCOR_ED,,80,80,80,80,80
RAINWATR_P8,BPVAIL_P8,REEVES,18694,138,1,18694 1,ONCOR_ED,,71,100,100,120,115
ANGEL_P8,ANGEL_P8,REEVES,18667,138,1,18667 1,ONCOR_ED,,33.85,33.85,49.6,65.35,81.1
RACEWAY_P8,OXYDAC_P8,ECTOR,18663,138,X1,18663 X1,ONCOR_ED,,95,95,95,95,95
PARKVISTA1_8,PARKVISTA1_8,DENTON,15100,138,1,15100 1,ONCOR_ED,,96.446,96.446,96.446,96.446,96.446
JHNSONDR_P8,JHNSONDR_8,MIDLAND,11344,138,1,11344 1,ONCOR_ED,,179.4,202.56,202.15,198.87,162.7
LENORAH_8,LENORAH_8,MARTIN,11338,138,1,11338 1,ONCOR_ED,,102.9,102.9,102.9,102.9,102.9
PEMBERTN_8,PEMBERTN_8,MIDLAND,11226,138,1,11226 1,ONCOR_ED,,82.388,82.388,82.388,82.388,82.388
OLDMICHGN_P8,OLDMICHGN_P8,WINKLER,11223,138,1,11223 1,ONCOR_ED,,115,115,115,115,115
LONGPAST_T8,LONGPAST_T8,REEVES,11200,138,1,11200 1,ONCOR_ED,,101.65,94.643,88.079,82.491,75.395
LINDRNCH_S8,LINDRNCH2,WINKLER,11101,138,1,11101 1,ONCOR_ED,,89.89,89.89,101,101,101
THRMIDRW_8,THRMIDRW_8,WINKLER,11080,138,1,11080 1,ONCOR_ED,,62.468,65.563,68.85,72.332,75.91
FTBLOCKS_8,FTBLOCKS_8,PECOS,9424,138,1,9424 1,GOLDENSPREAD,,125,125,125,125,125
OXY_INGL4A,OXY-CHEM (DUPONT) PP-2,SAN PATRICIO,8818,138,S1,8818 S1,AEP_TCC,,142,142,142,142,142
CHENIRE4B,CHENIERE,SAN PATRICIO,8575,138,I2,8575 I2,AEP_TCC,,47.5,69,80,83,83
CHENIRE4A,CHENIERE,SAN PATRICIO,8568,138,I1,8568 I1,AEP_TCC,,47.5,69,80,83,83
UV_POD,Union Valley,HUNT,6981,138,1,6981 1,RYBRNTSP,,,,31.234,31.234,140.551
WMUNS_RC,WEST MUNSON,ROCKWALL,6888,138,1,6888 1,RYBRNTSP,,76.887,79.638,81.192,82.97,84.757
NWWYL_RC,Northwest Wylie,COLLIN,6851,138,1,6851 1,RYBRNTSP,,70.774,73.468,74.896,76.548,78.202
ABNTHWST4A,ABILENE NORTHWEST,TAYLOR,6228,138,X1,6228 X1,AEP_TNC,,200,200,200,200,200
WOH,WESTOVER HILLS,BEXAR,5488,138,2,5488 2,CPS_TSP,,76.243,83.057,84.106,85.165,87.304
TX_RSRCH,TEXAS RESEARCH,BEXAR,5430,138,3,5430 3,CPS_TSP,,82.588,91.305,99.482,109.16,111.671
SKYLIN3_8,SKYLINE BUS 3,BEXAR,5369,138,1,5369 1,CPS_TSP,,74.717,75.501,75.468,76.493,77.486
POTRANCO,POTRANCO,BEXAR,5346,138,3,5346 3,CPS_TSP,,72.522,79.252,79.998,81.883,82.945
MARTINEZ,MARTINEZ,BEXAR,5294,138,1,5294 1,CPS_TSP,,132.482,155.651,170.471,188.004,194.213
LASIERRA,LA SIERRA,BEXAR,5257,138,3,5257 3,CPS_TSP,,72.493,73.322,73.41,74.53,75.497
ENCINO,ENCINO PARK,BEXAR,5140,138,2,5140 2,CPS_TSP,,86.02,89.355,92.386,96.993,101.698
DEZAVALA,DEZAVALA RD,BEXAR,5125,138,4,5125 4,CPS_TSP,,78.566,79.535,79.517,80.615,81.661
CASTRVLL,CASTROVILLE,MEDINA,5083,138,1,5083 1,CPS_TSP,,52.724,56.955,65.234,74.546,75.681
ANDERSON,ANDERSON,BEXAR,5003,138,2,5003 2,CPS_TSP,,76.46,79.068,80.484,83.117,85.297
ANDERSON,ANDERSON,BEXAR,5003,138,3,5003 3,CPS_TSP,,107.781,111.457,113.453,117.165,120.238
MALLARD_8,MALLARD_8,WILLIAMSON,3693,138,1,3693 1,ONCOR_ED,,149,164,189,189,189
PINTAIL_8,PINTAIL_8,WILLIAMSON,3692,138,1,3692 1,ONCOR_ED,,156.867,307.411,490.209,499.676,501.585
TINROOF_8,TINROOF_8,BELL,3485,138,1,3485 1,ONCOR_ED,,300,300,300,300,300
PEPPERCRK_8,PEPPERCRK_8,BELL,3484,138,1,3484 1,ONCOR_ED,,168,168,220,220,220
MELTONBPOD_5,LEFTY_5,NAVARRO,3373,345,1,3373 1,ONCOR_ED,,650,1000,1000,1000,1000
RICHCLLN1_8,RICHCLLN1_8,DALLAS,2686,138,3,2686 3,ONCOR_ED,,84.882,84.882,85.869,86.856,86.856
PEBBLCRK_8,PEBBLCRK_8,ELLIS,2229,138,1,2229 1,ONCOR_ED,,261,261,261,261,261
ATMEL2_T8,ATMEL2_T8,DALLAS,1997,138,1,1997 1,ONCOR_ED,,78.3,93.9,93.9,93.9,93.9
ATMEL1_T8,ATMEL1_T8,DALLAS,1996,138,1,1996 1,ONCOR_ED,,74.776,89.674,89.674,89.674,89.674
ARUBA1_8,ARUBA1_8,MIDLAND,1226,138,1,1226 1,ONCOR_ED,,96,96,96,96,96
SUN_8,SUN_8,SCURRY,1064,138,2,1064 2,ONCOR_ED,,108.73,114.164,119.866,125.838,132.133
WHITEDUNE_P8,WHITEDUNE_P8,WINKLER,18692,138,X1,18692 X1,ONCOR_ED,,300,300,300,300,300
BRIDGEPORT,BRIDGEPORT,WISE,600,138,1,600 1,BEPC_TSP,,9.112,9.387,83.448,84.7,85.9
LOOP9_2_P8,LOOP9_2_P8,Ellis,12846,138,3,12846 3,ONCOR_ED,,85.5,145,150,150,150
LOOP9_1_P8,LOOP9_1_P8,Ellis,12845,138,1,12845 1,ONCOR_ED,,85.5,145,150,150,150